Ontology ID	parent	label	EquivalentTo	SubClassOf	definition	definition source	taxa	see also	curation status	comment	image	created	term contributor
ID	SC % SPLIT=|	AL rdfs:label@en	EC %	SC % SPLIT=|	AL IAO:0000115@en	AI IAO:0000119 SPLIT=|		AI rdfs:seeAlso SPLIT=|	AI IAO:0000114	AL rdfs:comment@en	AI schema:image	AT dcterms:date^^xsd:dateTime	AI dcterms:contributor SPLIT=|
FOODON:03000463	fish oil	cod liver oil			A fish oil that is derived from the liver of cod fish.	https://en.wikipedia.org/wiki/Cod_liver_oil						2023-10-13T19:38:15Z	https://orcid.org/0000-0001-5275-8866
FOODON:03000464	fish oil	sardine oil			A fish oil that is derived from sardine fish.							2023-10-13T19:38:15Z	https://orcid.org/0000-0001-5275-8866
FOODON:03000465	fish oil	menhaden oil			A fish oil that is derived from menhaden fish.	https://www.sciencedirect.com/topics/neuroscience/menhaden-oil						2023-10-13T19:38:15Z	https://orcid.org/0000-0001-5275-8866
FOODON:03000466	menhaden oil	menhaden oil (hydrogenated)			A hydrogenated derivative of menhaden oil.							2023-10-13T19:38:15Z	https://orcid.org/0000-0001-5275-8866
FOODON:03000280	soybean seed (field) food product	soybean meal (defatted)			A soybean meal without hull.	https://en.wikipedia.org/wiki/Soybean_meal						2023-10-13T19:38:15Z	https://orcid.org/0000-0001-5275-8866
FOODON:03000281	margarine food product|soybean food product	soy margarine (hydrogenated)			Margarine that is made from hydrogenated soy oil.							2023-10-13T19:38:15Z	https://orcid.org/0000-0001-5275-8866
FOODON:03000282	skim milk (liquid)	skim milk (vitamin A and D fortified)			Skim milk that is  Vitamin A and Vitamin D fortified.	https://www.healthline.com/nutrition/fortified-milk						2023-10-13T19:38:15Z	https://orcid.org/0000-0001-5275-8866
FOODON:03000284	skim milk (liquid)	skim milk (vitamin A and D fortified, protein fortified)			Skim milk which is Vitamin A, Vitamin D and protein fortified.							2023-10-13T19:38:15Z	https://orcid.org/0000-0001-5275-8866
FOODON:03000283	skim milk (liquid)	skim milk (vitamin A and D fortified, nonfat milk solids added)			Skim milk which is Vitamin A and Vitamin D fortified and also have nonfat milk solids added in it.							2023-10-13T19:38:15Z	https://orcid.org/0000-0001-5275-8866
FOODON:03000292	cow milk (liquid)	cow milk (reduced fat)			Cow milk that has approximately 2% fat.							2023-10-13T19:38:15Z	https://orcid.org/0000-0001-5275-8866
FOODON:03000293	cow milk (reduced fat)	cow milk (reduced fat, vitamin A and D fortified, protein fortified)			Reduced fat cow milk that is Vitamin A, Vitamin D and protein fortified.							2023-10-13T19:38:15Z	https://orcid.org/0000-0001-5275-8866
FOODON:03000291	cow milk (reduced fat)	cow milk (reduced fat, vitamin A and D fortified, nonfat milk solids added)			Reduced fat cow milk that  and is Vitamin A and Vitamin D fortified and have nonfat milk solids added in it.							2023-10-13T19:38:15Z	https://orcid.org/0000-0001-5275-8866
FOODON:03000285	lowfat cow milk (1% fat)	lowfat cow milk (1% fat, vitamin A and D fortified, nonfat milk solids added)			Low fat cow milk that contains 1% fat, and is Vitamin A and Vitamin D fortified, and has nonfat milk solids added in it.							2023-10-13T19:38:15Z	https://orcid.org/0000-0001-5275-8866
FOODON:03000467	cow whole milk 3.5% fat	cow whole milk 3.5% fat (vitamin D fortified)			Cow whole milk that is Vitamin D fortified.							2023-10-13T19:38:15Z	https://orcid.org/0000-0001-5275-8866
FOODON:03000289	chocolate cow milk food product	chocolate milk (reduced fat)			Chocolate milk in which milk fat is 2% of the total weight of the milk.							2023-10-13T19:38:15Z	https://orcid.org/0000-0001-5275-8866
FOODON:03000290	chocolate milk (reduced fat)	chocolate milk (reduced fat, vitamin A and D fortified)			Reduced fat chocolate milk that is Vitamin A and D fortified.							2023-10-13T19:38:15Z	https://orcid.org/0000-0001-5275-8866
FOODON:03000294	chocolate cow milk food product	chocolate whole milk (vitamin A and D fortified)			Chocolate whole milk that is Vitamin A and D fortified.	https://nunuchocolates.com/whole-chocolate-milk-the-good-the-bad-and-the-delicious/						2023-10-13T19:38:15Z	https://orcid.org/0000-0001-5275-8866
FOODON:03000468	chocolate milk (low fat)	chocolate milk (low fat, Vitamin A and D fortified)			Low fat chocolate milk that is Vitamin A and Vitamin D fortified.							2023-10-13T19:38:15Z	https://orcid.org/0000-0001-5275-8866
FOODON:03000295	butter oil	ucuhuba butter oil			Butter oil that is made from the seeds of ucuuba tree (Virola surinamensis).							2023-10-13T19:38:15Z	https://orcid.org/0000-0001-5275-8866
FOODON:03000286	mustard (prepared)	yellow mustard (prepared)			A food product that is made from yellow mustard.							2023-10-13T19:38:15Z	https://orcid.org/0000-0001-5275-8866
FOODON:03000491	flour food product	arrowroot flour food product			A food product that is derived from arrowroot flour.	https://en.wikipedia.org/wiki/Arrowroot						2023-10-13T19:38:15Z	https://orcid.org/0000-0001-5275-8866
FOODON:03000469	arrowroot flour food product	arrowroot flour			A white, powdery starch extracted from the rhizome of an arrowroot plant (Maranta arundinacea), which is naturally gluten-free and grain-free.	https://en.wikipedia.org/wiki/Arrowroot						2023-10-13T19:38:15Z	https://orcid.org/0000-0001-5275-8866
FOODON:03000470	shortening	shortening (partially hydrogenated)			Shortening made from partially hydrogenated oil.	https://bakerpedia.com/ingredients/partially-hydrogenated-oil-pho/						2023-10-13T19:38:15Z	https://orcid.org/0000-0001-5275-8866
FOODON:03000471	goat dairy food product	goat milk (vitamin d fortified)			Goat milk that is vitamin D fortified.							2023-10-13T19:38:15Z	https://orcid.org/0000-0001-5275-8866
FOODON:03000472	ricotta cheese	ricotta cheese (made from whole milk)			Ricotta chesse that is made from whole milk.							2023-10-13T19:38:15Z	https://orcid.org/0000-0001-5275-8866
FOODON:03000473	hard grating cheese food product	romano cheese			Hard grating cheese that is made from cow, goat, and/or sheep's milk and contain less than 34% water and at least 38% milkfat.	https://en.wikipedia.org/wiki/Romano_cheese						2023-10-13T19:38:15Z	https://orcid.org/0000-0001-5275-8866
FOODON:03000474	cow buttermilk food product	cow buttermilk (low fat, cultured)			Cow buttermilk that has low fat and is cultured.							2023-10-13T19:38:15Z	https://orcid.org/0000-0001-5275-8866
FOODON:03000475	cottage cheese	cottage cheese (reduced fat)			Cottage cheese that has 2% milk fat.							2023-10-13T19:38:15Z	https://orcid.org/0000-0001-5275-8866
FOODON:03000476	butter (whipped)	butter (whipped, salted)			Whipped butter that contains salt.							2023-10-13T19:38:15Z	https://orcid.org/0000-0001-5275-8866
FOODON:03000477	sour cream	light sour cream			Sour cream that is made from half-and-half and has around 40 percent less fat.							2023-10-13T19:38:15Z	https://orcid.org/0000-0001-5275-8866
FOODON:03000478	mozzarella cheese	mozzarella cheese (made with whole milk, low moisture)			Mozzeralla cheese that is made from whole cow’s milk and has low moisture.							2023-10-13T19:38:15Z	https://orcid.org/0000-0001-5275-8866
FOODON:03000479	cheese food product	american cheese food product			A cheese food product that is derived from american cheese.							2023-10-13T19:38:15Z	https://orcid.org/0000-0001-5275-8866
FOODON:03000480	american cheese food product	american cheese			Cheese that is made from cheddar, Colby, or similar cheeses. It is mild with a creamy and salty flavor, has a medium-firm consistency, and has a low melting point. It is typically yellow or white in color	https://en.wikipedia.org/wiki/American_cheese						2023-10-13T19:38:15Z	https://orcid.org/0000-0001-5275-8866
FOODON:03000481	american cheese	american cheese (fat free)			American cheese that is made from fat free milk.	https://en.wikipedia.org/wiki/American_cheese						2023-10-13T19:38:15Z	https://orcid.org/0000-0001-5275-8866
FOODON:03000482	american cheese	pasteurized process american cheese			American cheese that is made from combining more than one cheese.	https://en.wikipedia.org/wiki/American_cheese						2023-10-13T19:38:15Z	https://orcid.org/0000-0001-5275-8866
FOODON:03000483	pasteurized process american cheese	pasteurized process american cheese (vitamin D fortified)			A pasteurized process american cheese that is vitamin D fortified.	https://en.wikipedia.org/wiki/American_cheese						2023-10-13T19:38:15Z	https://orcid.org/0000-0001-5275-8866
FOODON:03000490	pasteurized process american cheese food	pasteurized process american cheese food (vitamin D fortified)			A pasteurized process american cheese food that is vitamin D fortified.							2023-10-13T19:38:15Z	https://orcid.org/0000-0001-5275-8866
FOODON:03000485	pasteurized process cheese spread	pasteurized process american cheese spread			A pasteurized process cheese spread that is derived from american cheese.							2023-10-13T19:38:15Z	https://orcid.org/0000-0001-5275-8866
FOODON:03000486	ricotta cheese	ricotta cheese (part-skim)			Ricotta cheese that is partly skimmed and have less fat and calories.							2023-10-13T19:38:15Z	https://orcid.org/0000-0001-5275-8866
FOODON:03000487	nonfat dry milk (instant)	nonfat dry milk (instant, vitamin A and D fortified)			Not fat instant dry milk that is vitamin A and vitamin D fortified.							2023-10-13T19:38:15Z	https://orcid.org/0000-0001-5275-8866
FOODON:03000488	full cream milk (dry)	full cream milk (dry, vitamin D fortified)			Full cream milk powder that is vitamin D fortified.							2023-10-13T19:38:15Z	https://orcid.org/0000-0001-5275-8866
FOODON:03000489	cheese food product	gjetost cheese			A brown norwegian cheese made of goat's milk or a blend of goat and cow's milk. It is produced by slowly heating a vat of whey, cream and milk.	https://en.wikipedia.org/wiki/Brunost						2023-10-13T19:38:15Z	https://orcid.org/0000-0001-5275-8866
FOODON:03000287	cheese food product	cheese			A dairy product that is formed by coagulation of the milk protein casein.	https://en.wikipedia.org/wiki/Cheese						2023-10-13T19:38:15Z	https://orcid.org/0000-0001-5275-8866
FOODON:03000484	pasteurized process cheese food	pasteurized process american cheese food			American cheese that contains at least 51% cheese but other specific dairy ingredients such as cream, milk, skim milk, buttermilk, cheese whey, or albumin from cheese whey are added.	https://en.wikipedia.org/wiki/American_cheese|https://www.ams.usda.gov/sites/default/files/media/FINALDPPC5PasteurizedProcessAmericanCheeseSpec092019.pdf						2023-10-13T19:38:15Z	https://orcid.org/0000-0001-5275-8866
FOODON:03000288	bread food product	bread			A food prepared from a dough of flour and water, usually by baking.	https://en.wikipedia.org/wiki/Bread						2023-10-13T19:38:15Z	https://orcid.org/0000-0001-5275-8866
FOODON:03000296	tallow (edible)	mutton tallow			Rendered fat from a sheep.	https://en.wikipedia.org/wiki/Tallow						2023-10-13T19:38:15Z	https://orcid.org/0000-0001-5275-8866
		PTFI Requests											
FOODON:00004695	white bean food product|flatbread	white bean flatbread			A flatbread made with dried white beans.								https://orcid.org/0000-0001-5275-8866
FOODON:00004696	animal-based stew or hash	elk stew meat			Chopped elk meat suitable for cooking into a stew.								https://orcid.org/0000-0001-5275-8866
FOODON:00004697	tofu food product	tofu			A food product that is prepared by coagulating soy milk and then pressing the resulting curds into solid white blocks of varying softness: silken, soft, firm, extra firm.	https://en.wikipedia.org/wiki/Tofu							https://orcid.org/0000-0001-5275-8866
FOODON:00005438	tofu	tofu (raw)	'tofu' and 'has quality' some 'raw'		A raw tofu								
FOODON:00004698	tofu	extra firm tofu			A tofu that has less water than firm tofu.	https://en.wikipedia.org/wiki/Tofu							https://orcid.org/0000-0001-5275-8866
FOODON:00004699	extra firm tofu	extra firm tofu (raw)			An extra firm tofu that is raw.	https://en.wikipedia.org/wiki/Tofu							https://orcid.org/0000-0001-5275-8866
FOODON:00004700	extra firm tofu	extra firm tofu (sauteed)			An extra firm tofu which has been sauteed.	https://en.wikipedia.org/wiki/Tofu							https://orcid.org/0000-0001-5275-8866
FOODON:00004701	wheat food product	farro food product			A food product that has farro as a defining ingredient.								https://orcid.org/0000-0001-5275-8866
FOODON:00004702	farro food product|whole grain|caryopsis fruit	farro kernel			 A caryopsis fruit of any of three hulled wheat species: spelt (Triticum spelta), emmer (Triticum dicoccum), and einkorn (Triticum monococcum).	https://en.wikipedia.org/wiki/Farro|https://www.wheatfoods.org/resources/wheat-facts/ancient-wheat-and-pseudo-grains/							https://orcid.org/0000-0001-5275-8866
FOODON:00005281	farro kernel	farro kernel (raw)			A farro kernel which is raw (not dried).								https://orcid.org/0000-0001-5275-8866
FOODON:00004703	farro kernel	farro kernel (cooked)			A farro kernel which is cooked.								https://orcid.org/0000-0001-5275-8866
FOODON:00004704	duck egg white	duck egg white (boiled)			A duck egg white that has been boiled.								https://orcid.org/0000-0001-5275-8866
FOODON:00004705	duck egg yolk	duck egg yolk (boiled)			A duck egg yolk that has been boiled.								https://orcid.org/0000-0001-5275-8866
FOODON:00004706	Monterey Jack cheese product	Monterey Jack cheese flavoured with chili flakes			A variant of monterey jack cheese that is flavoured with chili flakes.								https://orcid.org/0000-0001-5275-8866
FOODON:00004711	cricket food product	cricket powder			A powder that is made from a cricket.								https://orcid.org/0000-0001-5275-8866
FOODON:00004708	cricket powder	house cricket powder			A powder that is made from a house cricket.								https://orcid.org/0000-0001-5275-8866
FOODON:00004712	cricket powder	jamaican cricket powder			A powder that is made from a jamaican cricket.								https://orcid.org/0000-0001-5275-8866
		USDA Mappings											
FOODON:00005456	seal food product|fat or oil	bearded seal oil			Oil that is derived from blubber of a bearded seal.								https://orcid.org/0000-0001-5275-8866
FOODON:00005457	seal food product|fat or oil	spotted seal oil			Oil that is derived from the blubber of a spotted seal.								https://orcid.org/0000-0001-5275-8866
FOODON:00005458	fat or oil	walrus oil			Oil that is derived from the blubber of a walrus.								https://orcid.org/0000-0001-5275-8866
FOODON:00005459	whale food product|fat or oil	bowhead whale oil			Oil that is derived from the blubber of a bowhead whale.								https://orcid.org/0000-0001-5275-8866
FOODON:00005460	fish oil	herring oil			Oil that is derived from herring.								https://orcid.org/0000-0001-5275-8866
FOODON:00005454	whale food product|fat or oil	beluga oil			Oil that is derived from beluga whale.								
FOODON:00005461	fat or oil|cocoa food product	cocoa butter oil			Oil that is derived from the fat extracted from cocoa beans.								https://orcid.org/0000-0001-5275-8866
FOODON:00005462	tangerine juice	tangerine juice (unpasteurized)			Juice extracted from tangerines that has not undergone pasteurization.								https://orcid.org/0000-0001-5275-8866
FOODON:00005463	apple juice	apple juice (unpasteurized)			Apple juice that has not undergone pasteurization.								https://orcid.org/0000-0001-5275-8866
FOODON:00005464	lemon juice	lemon juice (unpasteurized)			Lemon juice that has not undergone pasteurization.								https://orcid.org/0000-0001-5275-8866
FOODON:00005465	lime juice	lime juice (unpasteurized)			Lime juice that has not undergone pasteurization.								https://orcid.org/0000-0001-5275-8866
FOODON:00001277	orange juice (liquid)	orange juice (unpasteurized)			Orange juice that has not undergone pasteurization.								https://orcid.org/0000-0001-5275-8866
FOODON:00005439	acerola juice	acerola juice (unpasteurized)			Acerola juice that has not undergone pasteurization.								
FOODON:00005455	tropical fruit food product	passion fruit food product			A food product which derives from passion fruit								
FOODON:00005467	fruit juice (liquid)|passion fruit food product	purple passion fruit juice			Fruit juice which derives from purple passion fruit.								
FOODON:00005440	purple passion fruit juice	purple passion fruit juice (unpasteurized)			Purple passion fruit juice that is raw.								https://orcid.org/0000-0001-5275-8866
FOODON:00005468	pink grapefruit juice	pink grapefruit juice (unpasteurized)			Pink grapefruit juice that is raw.								https://orcid.org/0000-0001-5275-8866
FOODON:00005596	fruit juice (liquid)|passion fruit food product	yellow passion fruit juice											
FOODON:00005469	yellow passion fruit juice	yellow passion fruit juice (unpasterized)											
FOODON:00005441	fruit juice (liquid)|pomegranate food product	pomegranate juice			 A fruit juice made from pomegranate.								
FOODON:03301127	fruit juice (liquid)|grape berry food product	grape juice			 A fruit juice made from grapes.								
FOODON:00005470	coconut milk	coconut milk (unpasteurized)			Coconut milk that has not undergone pasteurization.								
FOODON:00005471	coconut cream	coconut cream (unpasteurized)			Coconut cream that has not undergone pasteurization.								
FOODON:00005472	soursop food product	guanabana nectar			Nectar derived from the pulp of the guanabana fruit.								https://orcid.org/0000-0001-5275-8866
FOODON:00005473	tamarind food product	tamarind nectar			Nectar derived from the pulp of the tamarind fruit.								https://orcid.org/0000-0001-5275-8866
FOODON:00005474	skim milk (liquid)	skim milk (without added vitamin a and d)			Skim milk without the addition of vitamins A and D.								https://orcid.org/0000-0001-5275-8866
FOODON:00005475	nonfat dry milk	nonfat dry milk (instant, without added vitamin A and D)			Instant nonfat dry milk without the addition of vitamins A and D.								https://orcid.org/0000-0001-5275-8866
FOODON:00005476	cow milk (reduced fat)	cow milk (reduced fat, without added Vitamin A and Vitamin D)			Reduced-fat cow milk, which has not been fortified with vitamins A and D								https://orcid.org/0000-0001-5275-8866
FOODON:00005477	lowfat cow milk (1% fat)	lowfat cow milk (1% fat,  without added Vitamin A and Vitamin D)			Low-fat cow milk containing 1% fat, without the addition of vitamins A and D								https://orcid.org/0000-0001-5275-8866
FOODON:00005478	cow milk (liquid)	cow whole milk											
FOODON:00005479	cow whole milk	cow whole milk (without additives)			Cow whole milk without the addition of vitamins A and D.								
FOODON:00005480	cow whole milk	cow whole milk (without Vitamin D)			Cow whole milk without the addition of vitamins D.								
FOODON:00005481	cow whole milk 3.5% fat	cow whole milk 3.5% fat (without added Vitamin A and Vitamin D)			Whole cow milk with 3.5% fat content and without the addition of vitamins A and D.								https://orcid.org/0000-0001-5275-8866
FOODON:00005482	evaporated milk	evaporated milk (reduced fat, Vitamin A and Vitamin D fortified)			Evaporated milk with 2% fat content, fortified with vitamins A and D.								https://orcid.org/0000-0001-5275-8866
FOODON:00005483	cow milk (reduced fat)	cow milk (reduced fat, Without added Vitamin A, nonfat milk solids added)			Evaporated milk that is fortified with vitamins A.								
FOODON:00005484	skim milk (liquid)	skim milk (calcium-fortified)			Skim milk with added calcium.								https://orcid.org/0000-0001-5275-8866
FOODON:00005485	evaporated milk (canned, fortified)	evaporated milk (with added vitamin A)			Evaporated milk that is fortified with vitamin A.								
FOODON:00005486	tofu food product	tofu (fermented)			Tofu that has undergone a fermentation process.								https://orcid.org/0000-0001-5275-8866
FOODON:00005487	tallow (edible)	beef tallow			 A fat rendered from beef, typically from the fat surrounding organs and muscles.								https://orcid.org/0000-0001-5275-8866
FOODON:00005488	pea	pea (mashed)			Cooked green peas that are smashed to create a creamy texture.								https://orcid.org/0000-0001-5275-8866
FOODON:00005489	prune food product|fruit puree	prune puree			A semiliquid, smooth mixture made from cooked prunes (dried plums).								https://orcid.org/0000-0001-5275-8866
FOODON:00005490	carrot food product	carrot puree			A semiliquid, smooth mixture made from cooked carrots.								https://orcid.org/0000-0001-5275-8866
FOODON:00005491	fruit puree|banana food product	banana puree			A semiliquid, smooth mixture made from ripe bananas.								https://orcid.org/0000-0001-5275-8866
FOODON:00005492	squash food product	squash puree			Puree made from cooked squash, that is blended to a smooth consistency.								https://orcid.org/0000-0001-5275-8866
FOODON:00005493	sweet potato food product	sweet potato puree			Puree made from cooked sweet potato, that is blended to a smooth consistency.								https://orcid.org/0000-0001-5275-8866
FOODON:00005494	beet food product	beet puree			Puree made from cooked beet root, that is blended to a smooth consistency.								
FOODON:00005443	green bean food product	green bean puree			Puree made from cooked green beans, that is blended to a smooth consistency.								
FOODON:00005495	butter	clarified butter			Butter from which all milk solids have been removed.								https://orcid.org/0000-0001-5275-8866
FOODON:00005496	apple juice	apple juice (calcium-fortified)			Apple juice with added calcium.								https://orcid.org/0000-0001-5275-8866
FOODON:00005497	orange juice (liquid)	orange juice (without pulp)			Orange juice that has been strained to remove the pulp.								https://orcid.org/0000-0001-5275-8866
FOODON:00005498	pasta food product	corn pasta			Pasta that is made from corn flour.								https://orcid.org/0000-0001-5275-8866
FOODON:03310185	clarified butter	ghee			A type of clarified butter originating from the Indian subcontinent.								https://orcid.org/0000-0001-5275-8866
FOODON:00005500	flour | sesame food product	sesame flour			A flour that is made by grinding defatted sesame seeds.								https://orcid.org/0000-0001-5275-8866
FOODON:00005732	sunflower food product	sunflower seed butter			A seed butter that is made from ground sunflower seeds.								https://orcid.org/0000-0001-5275-8866
FOODON:00005503	vinegar food product	balsamic vinegar			A traditional Italian vinegar made wholly or partially from grape must, which is freshly crushed grape juice containing all the skins, seeds, and stems								https://orcid.org/0000-0001-5275-8866
FOODON:00005504	popcorn (popped)	popcorn (air-popped)			Popcorn that is popped using hot air.								https://orcid.org/0000-0001-5275-8866
FOODON:00005505	rice cereal	brown rice cereal			Cereal made from whole brown rice kernels, often processed for easier consumption.								https://orcid.org/0000-0001-5275-8866
FOODON:00005506	brown rice cereal	brown rice cereal (dry, instant)			Brown rice cereal that is dried and is meant to be prepared instantly.								https://orcid.org/0000-0001-5275-8866
FOODON:00005507	cow food product	corned beef			Beef that has been cured with salt and spices, typically from the brisket cut.								https://orcid.org/0000-0001-5275-8866
FOODON:00005508	bologna	beef bologna			Bologna that is made from beef.								https://orcid.org/0000-0001-5275-8866
FOODON:00005509	bologna	chicken bologna			Bologna that is made from chicken meat.								
FOODON:00005510	bologna	pork bologna			Bologna that is made from pork.								
FOODON:00005511	bologna	turkey bologna			Bologna that is made from turkey meat.								
FOODON:00005512	multi-component pasta product	beef macaroni dish			A macaroni dish that includes a beef-based sauce.				ready for release				https://orcid.org/0000-0001-5275-8866
FOODON:00005513	fruit sauce	guava sauce			A fruit sauce made from guava.								https://orcid.org/0000-0001-5275-8866
FOODON:00005514	sugar (refined)	sugar (powdered)											https://orcid.org/0000-0001-5275-8866
FOODON:00005515	tea (steeped)	green tea (steeped)			Steeped tea made from green tea leaves (Camellia sinensis).								https://orcid.org/0000-0001-5275-8866
FOODON:00005243	tea (steeped)	black tea (steeped)			Steeped tea made from fully oxidized black tea leaves (Camellia sinensis)								https://orcid.org/0000-0001-5275-8866
FOODON:00005516	tea (steeped)	hibiscus tea (steeped)			Steeped tea made from dried hibiscus flowers (Hibiscus sabdariffa).								https://orcid.org/0000-0001-5275-8866
FOODON:00005517	tea (steeped)	oolong tea (steeped)			Steeped tea made from partially oxidized tea leaves (Camellia sinensis).								https://orcid.org/0000-0001-5275-8866
FOODON:00005518	tea (decaffeinated)	black tea (decaffeinated)			Black tea that has most of its caffeine removed through a decaffeination process, while preserving its flavor, aroma, and other characteristic properties.								
FOODON:00005444	tea (decaffeinated)	green tea (decaffeinated)			Green tea that has most of its caffeine removed through a decaffeination process, while preserving its flavor, aroma, and other characteristic properties.								
FOODON:00005519	tea (dry, instant)	lemon tea (dry, instant)			A beverage mix that quickly dissolves in hot or cold water to create a lemon-flavoured tea.								
FOODON:00005520	soybean flour	soybean flour (full fat)			A soybean flour that is made from whole soybeans, retaining all of the natural oils, which gives it a higher fat content.								
FOODON:00005521	soybean flour	soybean flour (low fat)			A soybean flour made from whole soybeans that has been processed to reduce its natural oil content.								
	flour| sesame food product	sesame flour DUPLICATE			A flour that is made by grinding defatted sesame seeds after oil extraction.								
FOODON:00005523	flour	acorn flour			A flour that is made by grinding acorns, the nuts of oak trees, after they have been properly processed to remove tannin.								
FOODON:00005524	animal protein supplement	whey protein isolate			A refined form of whey protein, processed to remove most of the fat and lactose, resulting in a higher protein content.								
FOODON:00005525	bratwurst	chicken bratwurst			Bratwurst that is made from chicken meat.								
FOODON:00005526	bratwurst	pork bratwurst			Bratwurst that is made from pork.								
FOODON:00005527	bratwurst	veal bratwurst			Bratwurst that is made from veal.								
FOODON:00005528	wheat pasta	whole wheat pasta			Pasta made from whole wheat flour that retains the bran, germ, and endosperm of the wheat grain.								
FOODON:00005529	white corn flour	whole grain white corn flour			Flour made from the whole kernels of white corn (Zea mays), which includes the bran, germ, and endosperm.								
FOODON:00005530	white cornmeal	whole grain white cornmeal			Cornmeal made from whole white corn kernels (Zea mays), which includes the bran, germ, and endosperm								
FOODON:00005531	bacon (whole cut or pieces)|turkey meat food product	turkey bacon			A bacon made from turkey meat.								
FOODON:00005532	milled durum wheat	couscous			A dish made from durum wheat semolina, which is moistened and rolled into small granules, then steamed or boiled.								
FOODON:00005533	turkey sausage	turkey sausage (raw)			A turkey sausage that is raw.								
FOODON:00005534	salami	beef salami			Salami made from beef.								
FOODON:00005535	salami	turkey salami			Salami made from turkey meat.								
FOODON:00005536	salami	pork salami			Salami made from pork meat.								
FOODON:00005537	patty	chicken patty			A patty made from chicken meat.								
FOODON:00005538	salmon food product	salmon nugget			A nugget made from salmon meat that is often breaded or battered and typically fried or baked.								
FOODON:00005539	tofu	soft tofu			A tofu that has a smooth, delicate texture and high moisture content								
FOODON:00005540	tofu	firm tofu			A tofu that has a denser texture with lower moisture content, allowing it to hold its shape well during cooking.								
FOODON:00005541	tofu	silken tofu			A tofu that has a creamy, smooth texture and high moisture content.								
FOODON:00005542	silken tofu	silken soft tofu			A tofu that has an ultra-creamy texture and high moisture content.								
FOODON:00005543	silken tofu	silken firm tofu			A tofu that has a creamy texture while being slightly firmer, making it versatile for both savory and sweet dishes that require shape retention.								
FOODON:00005544	silken tofu	super firm tofu			 A tofu that has minimal moisture and an extremely dense texture, ideal for grilling, frying, or baking while maintaining its shape.								
FOODON:00005545	silken tofu	silken extra firm tofu			A tofu that has a denser texture while retaining some creaminess.								
FOODON:00005546	silken tofu	silken lite firm tofu			 A tofu that has a lighter texture with reduced fat content, providing a balance of creaminess and firmness								
FOODON:00005547	silken tofu	silken lite extra firm tofu			A tofu that has the densest texture with reduced fat.								
FOODON:00005548	carob food product	Carob flour			A flour made from ground carob pod, which is the dried fruit of the carob tree (Ceratonia siliqua).								
FOODON:00005549	fruit powder	baobab powder			A powder made from the dried fruit pulp of the baobab tree (Adansonia spp).								
FOODON:00005550	fruit juice (liquid)	tart cherry juice			A fruit juice made from tart cherry.								
FOODON:00005552	fruit puree	raspberry puree			A puree made from raspberry.								
FOODON:00005553	bran cereal	oat bran cereal			A cereal that is made from the outer layer of the oat grain (the bran), which is separated from the endosperm and germ.								
FOODON:00005554	pastrami	turkey pastrami			Pastrami that is made from turkey meat								
FOODON:00005555	noodle	rice noodle			Noodles that are made from rice.								
FOODON:00005556	cornmeal	whole grain cornmeal			Cornmeal that is made by grinding the whole corn kernel, including the bran, germ, and endosperm.								
FOODON:00005557	whole grain cornmeal|yellow cornmeal	whole grain yellow cornmeal			Cornmeal that is made by grinding the whole yellow corn kernel, including the bran, germ, and endosperm.								
FOODON:00005558	wheat cereal	wheat germ cereal			Wheat cereal made from the germ of the wheat kernel, which is the part of the grain that can sprout into a new wheat plant.								
FOODON:00005559	breakfast cereal (whole grain)|wheat cereal	whole wheat cereal			Breakfast cereal that is made from whole wheat grains that include all parts of the grain—the bran, germ, and endosperm.								
FOODON:00005560	pork sausage	pork sausage link			A pork sausage made from ground pork mixed with spices and seasonings, encased in a natural or synthetic casing to form individual cylindrical links.								
FOODON:00005561	pork sausage	pork sausage patty			A pork sausage made from ground pork mixed with spices and seasonings, formed into a flat, round disc shape without the use of a casing.								
FOODON:00005562	rice cereal food product	cream of rice			A finely ground rice cereal food product, that can be cooked with water or milk to form a smooth, creamy cereal.								
FOODON:00005563	wheat cereal food product	cream of wheat			A finely ground wheat cereal food product, specifically farina, that is cooked with water or milk to create a smooth and creamy porridge.								
FOODON:00005564	puffed rice cereal	puffed rice cereal (fortified)			Puffed rice cereal that has been fortified to enhance its nutritional value.								
FOODON:00005565	puffed wheat cereal	puffed wheat cereal (fortified)			Puffed wheat cereal that has been fortified to enhance its nutritional value.								
FOODON:00005567	noodle	cellophane noodle			Noodle that is made from starch, typically mung bean or sweet potato starch, that becomes soft and transparent when cooked.	https://en.wikipedia.org/wiki/Cellophane_noodles				They are called "cellophane noodles" or "glass noodles" due to their transparent, glass-like appearance.			
FOODON:00005568	common oat cereal food product	quick oats			Whole oat groats that are pre-cooked, dried, and then rolled into thinner flakes to reduce cooking time								
FOODON:00005569	quick oats	quick oats (with iron)			Quick oats that have been fortified with added iron.								
FOODON:00005570	beef sausage	lebanon bologna			A type of beef sausage that is cured, smoked, and fermented semi dry, originating from Lebanon County, Pennsylvania.	https://en.wikipedia.org/wiki/Lebanon_bologna							
FOODON:00005571	hominy grits	white hominy grits			Hominy grits made from white corn that has undergone nixtamalization, a process involving soaking and cooking the corn in an alkaline solution to remove the hull and soften the kernels.								
FOODON:00005572	processed pork meat food product	pork liver cheese			Liver cheese that is made primarily from ground pork liver.								
FOODON:00005573	cereal grain food product	cereal grain beverage			A drink made from processed cereal grains, such as wheat, rice, barley, or oats, often combined with water, flavorings, and sweeteners.								
FOODON:00005574	cereal grain beverage	cereal grain-based coffee substitute			A beverage made from roasted cereal grains that is intended to be used as an alternative to coffee.								
FOODON:00005575	coffee beverage	espresso			A coffee beverage brewed by forcing hot water under high pressure through finely-ground coffee beans.								
FOODON:00005576	espresso	espresso (decaffeinated)			An espresso coffee made using coffee beans from which most of the caffeine has been removed.								
FOODON:00005577	soy protein isolate	soy protein isolate (potassium fortified)			A soy protein isolate that has been fortified with potassium, to enhance its mineral content while providing a high concentration of protein.								
FOODON:00005578	soy protein	soy protein concentrate			A concentrated soy protein product derived from whole soybeans, containing approximately 70% protein. It is produced by partially removing fats and carbohydrates while retaining some natural nutrients and fiber, making it suitable for various food applications.								
FOODON:00005579	cow whey	acid whey			A byproduct of cheese production, specifically from the manufacturing of soft cheeses, such as cottage cheese or cream cheese. It is characterized by a lower pH and higher acidity.	https://en.wikipedia.org/wiki/Whey							
FOODON:00005580	cow whey	sweet whey			A byproduct of cheese production, primarily from the manufacturing of hard cheeses, such as cheddar or gouda.	https://en.wikipedia.org/wiki/Whey							
FOODON:00005445	stew	moose stew			A stew made from moose meat.								
FOODON:00005446	stew	acorn stew			A stew made from acorn.								
FOODON:00005447	stew	corn stew			A stew made from corn.								
FOODON:00005448	bread	tennis bread			A type of bread that is often sweetened with ingredients like sugar, butter, and cinnamon, and may include additional flavorings such as dried fruit or nuts.								
FOODON:00005449	coconut food product	coconut water			The naturally occurring liquid extracted from a young, green coconut.								
FOODON:00005581	water (bottled)	non-carbonated water (bottled)			Water that is bottled without the addition of carbon dioxide, making it still and free of bubbles or fizz								
FOODON:00005582	butter	butter (light)			A butter with reduced fat content, made by adding water, air, or non-fat milk solids.								
FOODON:00005583	gourd food product	Kanpyo			The dried shavings of Lagenaria siceraria var. hispida, a variety of calabash gourd.								
FOODON:00005584	head cheese|pork meat food product	pork head cheese			Headcheese made from pork.								
FOODON:00005585	meat spread|liver food product	liverwurst spread			A meat spread made from liver, typically from pork or beef, combined with fat, spices, and other seasonings to create a smooth, spreadable product.								
FOODON:00005586	peanut food product|flour	peanut flour			A flour made from crushed, fully or partly defatted peanuts.								
FOODON:00005587	syrup	malt syrup			A syrup made from malted barley or grains.								
FOODON:00005588	pork meat food product	pork loaf			A blend of pork, fat, and spices, pressed into a loaf shape.								
FOODON:00005591	ham food product	ham			Pork hind leg, cured, smoked or cooked.								
FOODON:00005592	ham food product	ham patty			A patty made from ground or finely chopped ham.								
FOODON:00005593	ham food product|animal steak	ham steak			An animal steak that comes from the hind leg of the pig (the ham).								
FOODON:00005594	pork cured meat food product	pork breakfast strip			A thin slice of pork that is specifically prepared for breakfast.								
FOODON:00005595	berry juice	chilchen			A beverage that is made from red berries.								
													
													
		DIETARY SUPPLEMENTS											
FOODON:03600000	dietary supplement, botanical	black cohosh supplement	'dietary supplement, botanical' and 'derives from' some (root and 'part of' some 'Actaea racemosa')		A botanical dietary supplement composed primarily of the root or root extract of the Actaea racemosa plant.	https://www.nccih.nih.gov/health/black-cohosh|https://en.wikipedia.org/wiki/Actaea_racemosa			ready for release	Black cohosh supplementation has been used in functional medicine for management of menopausal symptoms.		2021-06-08T13:32:28	https://orcid.org/0000-0002-7463-6306
FOODON:03600001	dietary supplement, metabolite or precursor	coenzyme Q10 supplement	'dietary supplement, metabolite or precursor' and 'has part' some 'coenzyme Q10'		A dietary supplement composed primarily of the ubiquinone coenzyme Q10.	https://www.nccih.nih.gov/health/coenzyme-q10|https://en.wikipedia.org/wiki/Coenzyme_Q10			ready for release	Coenzyme Q10 supplementation has been used in functional medicine for a wide range of ailments including heart disease and cancer.		2021-06-08T13:32:29	https://orcid.org/0000-0002-7463-6306
FOODON:03600002	fat or oil supplement	fish oil supplement	'fat or oil supplement' and 'has part' some 'fish oil'		A dietary fat supplement composed primarily of fish oil.	https://www.health.harvard.edu/blog/fish-oil-friend-or-foe-201307126467			ready for release	Fish oil supplementation has been used in function medicine to reduce cardiovascular disease risk and reduce inflammation.		2021-06-08T13:32:30	https://orcid.org/0000-0002-7463-6306
FOODON:03600003	fat or oil supplement	flaxseed oil supplement	'fat or oil supplement' and 'has part' some 'flaxseed oil'		A dietary fat supplement composed primarily of flaxseed oil.	https://www.nccih.nih.gov/health/flaxseed-and-flaxseed-oil			ready for release	Flaxseed oil supplementation has been used in function medicine for a variety of ailments including gastrointestinal complaints and cardiovascular disease.		2021-06-08T13:32:31	https://orcid.org/0000-0002-7463-6306
FOODON:03600004	dietary supplement, botanical	ginkgo biloba supplement	'dietary supplement, botanical' and 'derives from' some (leaf and 'part of' some 'Ginkgo biloba')		A botanical dietary supplement composed primarily of a Ginkgo biloba plant leaf extract.	https://en.wikipedia.org/wiki/Ginkgo_biloba		https://www.nccih.nih.gov/health/ginkgo	ready for release	Ginkgo biloba supplementation has been used in functional medicine for a variety of ailments including peripheral artery disease and dementia.		2021-06-08T13:32:32	https://orcid.org/0000-0002-7463-6306
FOODON:03600005	dietary supplement, botanical	ginseng supplement	'dietary supplement, botanical' and 'derives from' some 'ginseng root'		A botanical dietary supplement composed primarily of the root or root extract of the Panax ginseng plant.	https://en.wikipedia.org/wiki/Ginseng		https://www.nccih.nih.gov/health/asian-ginseng	ready for release	Ginseng supplementation has been used in functional medicine to stimulate immune function, improve well-being, and a variety of other health problems.		2021-06-08T13:32:33	https://orcid.org/0000-0002-7463-6306
FOODON:03600006	dietary supplement, metabolite or precursor	glucosamine supplement	'dietary supplement, metabolite or precursor' and 'has part' some 'glucosamine'		A dietary supplement composed primarily of the amino sugar glucosamine.	https://en.wikipedia.org/wiki/Glucosamine#Manufacturing		https://www.nccih.nih.gov/health/glucosamine-and-chondroitin-for-osteoarthritis	ready for release	Glucosamine supplementation has been used in functional medicine for arthritis and pain.		2021-06-08T13:32:34	https://orcid.org/0000-0002-7463-6306
FOODON:03600007	dietary supplement, metabolite or precursor	melatonin supplement	'dietary supplement, metabolite or precursor' and 'has part' some 'melatonin'		A dietary supplement composed primarily of the hormone melatonin.	https://www.nccih.nih.gov/health/melatonin-what-you-need-to-know			ready for release	Melatonin supplementation has been used in functional medicine for circadian rhythm disruption and insomnia.		2021-06-08T13:32:35	https://orcid.org/0000-0002-7463-6306
FOODON:03600008	dietary supplement, botanical	milk thistle supplement	'dietary supplement, botanical' and 'derives from' some 'Silybum marianum seed'		A botanical dietary supplement composed primarily of extract from the seeds of the Silybum marianum plant.	https://en.wikipedia.org/wiki/Silybum_marianum		https://www.nccih.nih.gov/health/milk-thistle	ready for release	Milk thistle supplementation has been used in functional medicine for a variety of ailments including hepatitis, cirrhosis, and diabetes.		2021-06-08T13:32:36	https://orcid.org/0000-0002-7463-6306
FOODON:03600009	fat or oil supplement	omega-3- fatty acid supplement	'fat or oil supplement' and 'has part' some 'omega-3 fatty acid'		A dietary fat supplement composed primarily of omega-3 fatty acids eicosapentaenoic acid (EPA) and docosahexaenoic acid (DHA).	https://www.nccih.nih.gov/health/omega3-supplements-in-depth			ready for release	Omega-3- fatty acid supplementation has been used in function medicine for a variety of ailments including hypertriglyceridemia and rheumatoid arthritis.		2021-06-08T13:32:37	https://orcid.org/0000-0002-7463-6306
FOODON:03600010	dietary supplement, botanical	red yeast rice supplement	'dietary supplement, botanical' and 'has part' some 'rice kernel food product' and 'has part' some 'Monascus purpureus'		A botanical dietary supplement composed primarily of red yeast rice (rice fermented with the mold Monascus purpureus).	https://en.wikipedia.org/wiki/Red_yeast_rice		https://www.nccih.nih.gov/health/red-yeast-rice	ready for release	Red yeast rice supplementation has been used in functional medicine to aid in digestion and reduce blood cholesterol.		2021-06-08T13:32:38	https://orcid.org/0000-0002-7463-6306
FOODON:03600011	dietary supplement, botanical	resveratrol supplement	'dietary supplement, botanical' and 'has part' some resveratrol		A botanical dietary supplement composed primarily of resveratrol.	https://en.wikipedia.org/wiki/Resveratrol			ready for release	Resveratrol supplementation has been used in functional medicine to reduce blood pressure and improve cognition.		2021-06-08T13:32:39	https://orcid.org/0000-0002-7463-6306
FOODON:03600012	dietary supplement, botanical	St. John's wort supplement	'dietary supplement, botanical' and 'derives from' some 'Hypericum perforatum flower'		A botanical dietary supplement composed primarily of an extract of the flower of the Hypericum perforatum plant.	https://en.wikipedia.org/wiki/Hypericum_perforatum		https://www.nccih.nih.gov/health/st-johns-wort	ready for release	St. john's wort supplementation has been used in functional medicine for a variety of ailments including insomnia and depression. St. John's wort is a cytochrome P450 inducer and has known interactions with some medications.		2021-06-08T13:32:40	https://orcid.org/0000-0002-7463-6306
FOODON:03000437	dietary supplement, amino acid or protein	marine protein supplement			A dietary supplement made from protein derived from marine animals.							2021-12-22T12:35:22Z	https://orcid.org/0000-0001-5275-8866
FOODON:03000438	dietary supplement, amino acid or protein	animal protein supplement			A dietaty supplement made from protein derived from an animal.					Animal protein supplementation has been used to provide all the essential amino acids body needs to function effectively.		2021-12-22T13:08:23Z	https://orcid.org/0000-0001-5275-8866
FOODON:00005589	dietary supplement, amino acid or protein	soy-based protein powder			A plant-based protein supplement what is derived from soybeans.								
FOODON:00005590	dietary supplement, amino acid or protein	whey-based protein powder			 A protein supplement made from whey, the liquid byproduct that is separated during the process of making cheese from milk.								
FOODON:03000439	multi-vitamin and multi-mineral supplement	green powder supplement			A dietary supplement made from dried leafy greens and other vegetables, seaweed, grasses, high-antioxidant fruits and herbs. Probiotics and digestive enzymes are often added as well.				ready for release	The green powder supplementation has been used to support body’s immune system and energy levels while meeting the nutrition requirements for a healthy diet		2021-12-22T13:23:21Z	https://orcid.org/0000-0001-5275-8866
FOODON:03000440	botanical supplement with multi-vitamin/mineral	chlorella powder supplement	'multi-vitamin and multi-mineral supplement' and 'derives from' some Chlorella		A powdered dietary supplement made from Chlorella.	https://www.healthline.com/nutrition/benefits-of-chlorella#TOC_TITLE_HDR_1			ready for release	Chlorella has been used as a source of many nutrients, including amino acids, vitamins, minerals, antioxidants and omega-3 fats.		2021-12-22T13:33:34Z	https://orcid.org/0000-0001-5275-8866
FOODON:03000441	dietary supplement, multi-vitamin/mineral and amino acids	liver powder supplement			A dietary supplement made from an animal liver  that has been ground into powder.					Liver is a great source of high-quality protein. It is rich in essential nutrients including vitamins and minerals.		2021-12-22T16:12:34Z	https://orcid.org/0000-0001-5275-8866
FOODON:03000442	liver powder supplement	liver powder supplement (desiccated)			A dietary supplement made from an animal liver that has been dried and ground into powder.	https://www.consumerlab.com/answers/desiccated-beef-liver/beef-liver/						2021-12-22T14:09:44Z	https://orcid.org/0000-0001-5275-8866
FOODON:03000443	dietary supplement, botanical	kratom capsule	'dietary supplement, botanical' and 'derives from' some 'Mitragyna speciosa'		A capsules made of powdered kratom leaves.					Kratom capsule has been used for pain-relieving effects.		2021-12-22T19:48:21Z	https://orcid.org/0000-0001-5275-8866
FOODON:03000444	dietary supplement, botanical	hoodia supplement	'dietary supplement, botanical' and 'derives from' some 'Hoodia gordonii'		A dietary supplement made from Kalahari cactus plant (Hoodia gordonii).					Hoodia dietary supplement claims to reduce appetite and boost weight loss.		2021-12-22T19:48:21Z	https://orcid.org/0000-0001-5275-8866
FOODON:03000445	dietary supplement	elderly dietary supplement			A dietary supplement designed to meet nutrition needs of older adults.							2021-12-22T19:55:02Z	https://orcid.org/0000-0001-5275-8866
FOODON:03603000	food supplement	malnutrition supplement			A food supplement designed to alleviate malnutrition.							2023-02-02T19:55:02Z	https://orcid.org/0000-0003-4173-6551
FOODON:03603001	malnutrition supplement	moderate malnutrition supplement			A malnutrition supplement designed to alleviate moderate malnutrition.							2023-02-02T19:55:02Z	https://orcid.org/0000-0003-4173-6551
FOODON:03603002	malnutrition supplement	severe malnutrition supplement			A malnutrition supplement designed to alleviate severe malnutrition.							2023-02-02T19:55:02Z	https://orcid.org/0000-0003-4173-6551
													
		WINE											
FOODON:03301014	grape based wine or wine-like food product	grape wine		'derives from' some 'grape'	An alcoholic drink made from fermented grapes.	https://en.wikipedia.org/wiki/Wine		https://www.researchgate.net/publication/253758073_Ontology_building_process_The_wine_domain					
FOODON:03310272	grape wine	red wine		'derives from' some 'red grape'	A type of wine made from dark-colored grape varieties.	https://en.wikipedia.org/wiki/Red_wine				"The actual color of the wine can range from intense violet, typical of young wines, through to brick red for mature wines and brown for older red wines."[https://en.wikipedia.org/wiki/Red_wine]			https://orcid.org/0000-0002-1816-4260|https://orcid.org/0000-0002-4366-3088
FOODON:03310734	grape wine	rosé wine			A type of grape wine that incorporates some of the color from the grape skins, but not enough to qualify it as a red wine.	https://en.wikipedia.org/wiki/Ros%C3%A9							
FOODON:03310273	grape wine	white wine		'derives from' some 'white grape'	A wine that is fermented with little or no grape skin contact.	https://en.wikipedia.org/wiki/White_wine				A wine whose color can be straw-yellow, yellow-green, or yellow-gold. It is produced by the alcoholic fermentation of the non-coloured pulp of grapes, which may have a skin of any colour.			https://orcid.org/0000-0002-1816-4260|https://orcid.org/0000-0002-4366-3088
FOODON:00004048	grape wine	table wine (US)			A grape wine which is neither fortified, nor sparkling, nor expensive.	https://en.wikipedia.org/wiki/Table_wine		https://www.ecfr.gov/current/title-27/part-4#p-4.21(a)(5)					
FOODON:00004065	Protected Geographical Indication	Table Wine (deprecated EU standard)			A European Union wine category replaced by the Protected Geographical Indication in 2011.	https://en.wikipedia.org/wiki/Table_wine|https://www.wine-searcher.com/wine-label-eu				"The lower of two overall quality categories, the higher of which is Quality Wines Produced in Specified Regions (QWPSR). All levels of national wine classification systems within the EU correspond to either TW or the QWPSR, although the terms that actually appear on wine labels are defined by national wine laws with the EU regulations as a framework."[https://en.wikipedia.org/wiki/Table_wine]			
FOODON:03307296	grape wine	fortified wine			A wine to which a distilled spirit, usually brandy, has been added.	https://en.wikipedia.org/wiki/Fortified_wine							
FOODON:03317393	grape wine	still wine			Wine produced by a method of vinification that leaves it free from carbon dioxide and therefore not sparkling or effervescent.	https://en.wiktionary.org/wiki/still_wine							
													
FOODON:00004049	Protected Geographical Status	Quality Wines Produced in Specified Regions			A Protected Geographical Status appellation which identifies a wine with either Protected Geographical Indication or a Protected Designation of Origin.	https://en.wikipedia.org/wiki/Quality_Wines_Produced_in_Specified_Regions				"The European Union regulates and defines the status of "quality wines" according to production method, management and geographical location. Its original, fundamental role is in differentiating quality wines from table wines."[https://en.wikipedia.org/wiki/Quality_Wines_Produced_in_Specified_Regions]			
FOODON:03530258	food product appellation framework	Denominazione di origine controllata			An Italian wine quality assurance label for food products and especially wines (an appellation), and for various formaggi.	https://en.wikipedia.org/wiki/Denominazione_di_origine_controllata				"It is modelled after the French AOC. It was instituted in 1963 and overhauled in 1992 for compliance with the equivalent EU law on Protected Designation of Origin, which came into effect that year ."[https://en.wikipedia.org/wiki/Denominazione_di_origine_controllata].			
FOODON:00004053	food product appellation framework	Vintners Quality Alliance			A regulatory and appellation system which guarantees the high quality and authenticity of origin for Canadian wines made under that system in British Columbia and Ontario.	https://en.wikipedia.org/wiki/Vintners_Quality_Alliance							
FOODON:00004054	food product appellation framework	American Viticultural Area			A designated wine grape-growing region in the United States, providing an official appellation for the mutual benefit of wineries and consumers.	https://en.wikipedia.org/wiki/American_Viticultural_Area		https://www.ecfr.gov/current/title-27/part-4					
FOODON:00004056	food product appellation framework	Spanish wine production framework			A food product appellaction framework pertaining to Spanish wine.	https://en.wikipedia.org/wiki/Denominaci%C3%B3n_de_origen#Wine|https://en.wikipedia.org/wiki/Spanish_wine_regions							
FOODON:00004057	Quality Wines Produced in Specified Regions|Spanish wine production framework	Denominación de Origen Protegida			The mainstay of Spain's wine quality control system. Each region is governed by a consejo regulador, which decides on the boundaries of the region, permitted varietals, maximum yields, limits of alcoholic strength and other quality standards or production limitations pertaining to the zone.	https://en.wikipedia.org/wiki/Denominaci%C3%B3n_de_origen#Wine				"As of 2019 there are 96 DOPs that are subdivided into DOCa, DO, VP, and VC. The sub-categories can be called DOP, or they can use the traditional terms of DOCa, DO, VP, and VC.  In 2016, the use of the term Denominación de Origen (DO) was updated to Denominación de Origen Protegida (DOP)."[wikipedia]			
FOODON:00004058	Denominación de Origen Protegida	Denominación de Origen Calificada			The highest category in Spanish wine regulations, reserved for regions with above-average grape prices and particularly stringent quality controls.	https://en.wikipedia.org/wiki/Denominaci%C3%B3n_de_origen#Wine				"Rioja was the first Spanish region to be awarded DOCa status in 1991, followed by Priorat in 2003. Priorat uses the Catalan language DOQ, for denominació d'origen qualificada. These are the only two regions considered "above" DO status."[wikipedia]			
FOODON:00004059	Denominación de Origen Protegida	Vino de Pago			A special term for high-quality, single-estate Spanish wines which in some cases also have DOP or VC or IGP appellations.	https://en.wikipedia.org/wiki/Denominaci%C3%B3n_de_origen#Wine				"Pago is a Spanish term for a vineyard estate ...This category was formed in 2003."[wikipedia]			
FOODON:00004060	Denominación de Origen Protegida	Vino de Calidad con indicación geográfica			A category of spanish wine that does not fully meet the stringent standards of the DOP category, but are above the standards of the IGP category.	https://en.wikipedia.org/wiki/Denominaci%C3%B3n_de_origen#Wine							
FOODON:00004061	Protected Geographical Indication|Spanish wine production framework	Indicación geográfica protegida			An EU Protected Geographical Indication which includes Spanish wines below the DOP level, and is wine originating from a specific place, a region or a country, which has a certain quality, reputation or other characteristic - including production phases - that can be essentially attributed to its geographical origin, at least one of which takes place in the defined geographical area.	https://en.wikipedia.org/wiki/Denominaci%C3%B3n_de_origen#Wine				"These can use the traditional term Vino de la Tierra (VT)."[wikipedia]			
FOODON:00004062	Spanish wine production framework	Vino de Mesa			Any wine from unclassified Spanish vineyards, and wine that has been declassified by blending.	https://en.wikipedia.org/wiki/Denominaci%C3%B3n_de_origen#Wine				"This includes both inexpensive jug wines and some expensive wines that are not yet classified due to innovation outside traditional lines."[wikipedia]			
FOODON:03530086	food product appellation framework	Appellation d'origine contrôlée			A food product appellation framework authorized for certain French geographical indications for wines, cheeses, butters, and other agricultural products, all under the auspices of the government bureau Institut National des Appellations d'Origine (INAO). [Wikipedia]								
FOODON:00004055	food product appellation framework	Denominación de origen			A food product appellation framework which is a regulatory geographical indication system used primarily for foodstuffs such as cheeses, condiments, honey, and meats, among others.	https://en.wikipedia.org/wiki/Denominaci%C3%B3n_de_origen				In wines, it parallels the hierarchical systems of France (1935) and Italy (1963), although Rioja (1925) and Jerez (1933) preceded the full system.[https://en.wikipedia.org/wiki/Denominaci%C3%B3n_de_origen]			
FOODON:03530254	food product appellation framework	Protected Geographical Status			A food product appellation framework defined in European Union law to protect the names of regional foods.					Protected Designation of Origin (PDO), Protected Geographical Indication (PGI) and Traditional Speciality Guaranteed (TSG) are geographical indications, or more precisely regimes, within the framework. The law (enforced within the EU and being gradually expanded internationally via bilateral agreements of the EU with non-EU countries) ensures that only products genuinely originating in that region are allowed in commerce as such. The legislation came into force in 1992. The purpose of the law is to protect the reputation of the regional foods and eliminate the unfair competition and misleading of consumers by non-genuine products, which may be of inferior quality or of different flavour. [https://en.wikipedia.org/wiki/Geographical_indications_and_traditional_specialities_in_the_European_Union#Protected_geographical_indication_(PGI)]			
FOODON:03530255	Protected Geographical Status	Protected Designation of Origin			A Protected Geographical Status which covers agricultural products and foodstuffs which are produced, processed and prepared in a given geographical area using recognised know-how.								
FOODON:03530256	Protected Geographical Status	Protected Geographical Indication			A Protected Geographical Status covering agricultural products and foodstuffs closely linked to the geographical area.								
FOODON:03530257	Protected Geographical Status	Traditional Speciality Guaranteed			A Protected Geographical Status which highlights traditional character, either in the composition or means of production.								
													
FOODON:00002577	grape wine	wine by region			A grape wine distinguished by the region its grapes were grown in.								
FOODON:03311270	wine by region	Beaujolais wine			A French Appellation d'Origine Contrôlée (AOC) wine generally made of the Gamay grape which has a thin skin and is low in tannins.	https://en.wikipedia.org/wiki/Beaujolais			ready for release		https://upload.wikimedia.org/wikipedia/commons/thumb/d/d8/Carte_vignoble_beaujolais.png/356px-Carte_vignoble_beaujolais.png		https://orcid.org/0000-0002-8844-9165
FOODON:00002641	wine by region	Bordeaux wine			Any wine produced in the Bordeaux region of southwest France.	https://en.wikipedia.org/wiki/Bordeaux_wine			ready for release				https://orcid.org/0000-0002-8844-9165
FOODON:00002639	wine by region	Zakynthos wine			Zakynthos Wine is wine produced on the Greek island of Zakynthos (Zante) in the Ionian Sea. A wide array of native Ionian grape varieties have been planted on the island for centuries, and are most famously used to make the intensely flavored, highly acidic Verdea wine.	https://www.wine-searcher.com/regions-zakynthos			ready for release				https://orcid.org/0000-0002-8844-9165
FOODON:00002600	grape wine	Reserve wine			Reserve wine is wine of a higher quality than usual, or a wine that has been aged before being sold, or both. Traditionally, winemakers would reserve some of their best wine rather than sell it immediately, coining the term.	https://en.wikipedia.org/wiki/Reserve_wine			ready for release				https://orcid.org/0000-0002-8844-9165
FOODON:03311123	wine by region	Chablis wine			Chablis wine is a wine made in the Chablis region of France.	https://en.wikipedia.org/wiki/Chablis_wine			ready for release				https://orcid.org/0000-0002-1107-9135
									ready for release				
									ready for release				
FOODON:00002585	red wine	Cabernet Sauvignon wine		'derives from' some 'Cabernet Sauvignon grape cultivar'	A Cabernet Sauvignon wine is any wine produced using only Cabernet Sauvignon grapes. It often appears with Merlot and Cabernet Franc in blended Bordeaux wines.	https://en.wikipedia.org/wiki/Cabernet_Sauvignon			ready for release				https://orcid.org/0000-0002-8844-9165
FOODON:00002640	Vitis vinifera	Cabernet Sauvignon grape cultivar			The Cabernet Sauvignon grape cultivar originates from a cross between Cabernet Franc and Sauvignon blanc varieties. It produces Cabernet Sauvignon grapes, a red wine grape variety.	https://en.wikipedia.org/wiki/Cabernet_Sauvignon			ready for release				https://orcid.org/0000-0002-1107-9135
FOODON:00002584	white wine	Chardonnay wine		'derives from' some 'Chardonnay grape cultivar'	Chardonnay wine is wine produced using only Chardonnay grapes.	https://en.wikipedia.org/wiki/Chardonnay			ready for release				https://orcid.org/0000-0002-1107-9135
FOODON:00002583	Vitis vinifera	Chardonnay grape cultivar			The Chardonnay grape cultivar is the result of a cross between the Pinot noir and Gouais blanc (Heunisch) grape varieties. It produces a green-skinned grape variety used in the production of white wine.	https://en.wikipedia.org/wiki/Chardonnay			ready for release				
FOODON:00002586	white wine	Chenin blanc wine		'derives from' some 'Chenin blanc grape cultivar'	A Chenin blanc wine is any wine produced using only Chenin blanc grapes.				ready for release				https://orcid.org/0000-0001-7751-1042
FOODON:00002587	Vitis vinifera	Chenin blanc grape cultivar			Chenin blanc grapes are a White wine grape variety from the Loire Valley of France. Its high acidity means it can be used to make everything from sparkling wines to well-balanced dessert wines, although it can produce very bland, neutral wines if the vine's natural vigor is not controlled.	https://en.wikipedia.org/wiki/Chenin_blanc			ready for release				https://orcid.org/0000-0001-7751-1042
									ready for release				
FOODON:00002588	red wine	Malbec wine		'derives from' some 'Malbec grape cultivar'	A Malbec wine is any wine produced using only Malbec grapes.				ready for release				https://orcid.org/0000-0001-7751-1042
FOODON:00002589	Vitis vinifera	Malbec grape cultivar			Malbec grapes are a purple grape variety used in making red wine. The grapes tend to have an inky dark color and robust tannins, and are known as one of the six grapes allowed in the blend of red Bordeaux wine. The French plantations of Malbec are now found primarily in Cahors in South West France. It is increasingly celebrated as an Argentine varietal wine and is being grown around the world.	https://en.wikipedia.org/wiki/Malbec			ready for release				https://orcid.org/0000-0001-7751-1042
									ready for release				
FOODON:00002590	red wine	Merlot wine		'derives from' some 'Merlot grape cultivar'	A Merlot wine is any wine produced using only Merlot grapes.				ready for release				https://orcid.org/0000-0001-7751-1042
FOODON:00002591	Vitis vinifera	Merlot grape cultivar			Merlot is a dark blue-colored wine grape variety, that is used as both a blending grape and for varietal wines.	https://en.wikipedia.org/wiki/Merlot			ready for release		https://upload.wikimedia.org/wikipedia/commons/thumb/e/ee/Merlot_Grape.jpg/320px-Merlot_Grape.jpg		https://orcid.org/0000-0001-7751-1042
									ready for release				
FOODON:00002592	white wine	Pinot blanc wine		'derives from' some 'Pinot blanc grape cultivar'	A pinot blanc wine is any wine produced using only Pinco blanc grapes.				ready for release				https://orcid.org/0000-0001-7751-1042
FOODON:00002593	Vitis vinifera	Pinot blanc grape cultivar			Pinot blanc is a white wine grape. It is a point genetic mutation of Pinot noir.	https://en.wikipedia.org/wiki/Pinot_blanc			ready for release		https://upload.wikimedia.org/wikipedia/commons/thumb/b/b3/Pinot-blanc.jpg/440px-Pinot-blanc.jpg		https://orcid.org/0000-0001-7751-1042
									ready for release				
FOODON:00002594	white wine	Pinot gris wine		'derives from' some 'Pinot gris grape cultivar'	Pinot gris is a white wine varietal produced only from Pinot gris grapes.  The Italian synonym, Pinot Grigio, has become strongly associated with lighter wines produced in great quantities, particularly in northern Italy.	https://www.wine-searcher.com/grape-381-pinot-grigio			ready for release		https://upload.wikimedia.org/wikipedia/commons/thumb/5/59/Alto_adige_Pinot_grigio.jpg/179px-Alto_adige_Pinot_grigio.jpg		https://orcid.org/0000-0002-5439-3570
FOODON:00002595	Vitis vinifera	Pinot gris grape cultivar			Pinot gris is a white wine grape variety (mutation) of the Pinot family which shares its genetic fingerprint with Pinot Noir, Pinot Blanc et al. . Pinot gris is grown around the globe with the "spicy" full-bodied Alsatian and lighter-bodied, more acidic Italian styles being most widely recognized.	https://en.wikipedia.org/wiki/Pinot_gris			ready for release		https://commons.wikimedia.org/wiki/File:Pinot_Gris_close.JPG		https://orcid.org/0000-0002-5439-3570
									ready for release				
FOODON:00002596	red wine	Pinot noir wine		'derives from' some 'Pinot noir grape cultivar'	Pinot noir wine is a red wine varietal made only from Pinot noir grapes.  The thin skins and low levels of phenolic compounds lends pinot to producing mostly lightly colored, medium-bodied and low-tannin wines that can often go through phases of uneven and unpredictable aging.	https://en.wikipedia.org/wiki/Pinot_noir			ready for release				https://orcid.org/0009-0006-7774-1546l
FOODON:00002597	Vitis vinifera	Pinot noir grape cultivar			Pinot noir grape is a red wine grape variety. The name is derived from the French words for pine and black. The word pine alludes to the grape variety having tightly clustered, pine cone-shaped bunches of fruit. Pinot noir grapes are grown around the world, mostly in the cooler climates, and the grape is chiefly associated with the Burgundy region of France.	https://en.wikipedia.org/wiki/Pinot_noir			ready for release		https://en.wikipedia.org/wiki/Pinot_noir#/media/File:Grape_near_Sancerre.jpg		https://orcid.org/0009-0006-7774-1546l
									ready for release				
FOODON:00002598	red wine	Pinotage wine		'derives from' some 'Pinotage grape cultivar'	Pinotage wine is a red wine varietal produced only from Pinotage grapes. This type of wine can range from a fairly cheap, light-bodied red wine with some funky aromas (including extremes such as acetone, paint, rubber, and at times banana) all the way to full-bodied red wines with balance, elegance, fully developed black fruit flavors, and an enduring, sweet, smokey finish.	https://www.thespruceeats.com/what-is-pinotage-wine-3511226			ready for release		https://upload.wikimedia.org/wikipedia/commons/thumb/e/e4/Stellenbosch_Pinotage.jpg/179px-Stellenbosch_Pinotage.jpg		https://orcid.org/0000-0002-5439-3570
FOODON:00002599	Vitis vinifera	Pinotage grape cultivar			Pinotage is a red wine grape that is South Africa's signature variety. It was bred there in 1925 as a crossbetween Pinot noir and Cinsaut. The grape is a viticultural intraspecific cross of two varieties of Vitis vinifera, not an interspecific hybrid.	https://en.wikipedia.org/wiki/Pinotage			ready for release		https://i2.wp.com/www.winetwofive.com/wp-content/uploads/2018/06/CEP-TIBOUREN.jpg?resize=128%2C128		https://orcid.org/0000-0002-5439-3570
									ready for release				
FOODON:00002601	white wine	Riesling wine		'derives from' some 'Riesling grape cultivar'	Riesling wine is a white wine varietal produced only from Riesling grapes, and offered as dry, semi-sweet, sweet, and sparkling white wines. Riesling wines are usually varietally pure and are seldom oaked.	https://en.wikipedia.org/wiki/Riesling			ready for release		https://upload.wikimedia.org/wikipedia/commons/thumb/9/96/Alsatian_Riesling_.jpg/179px-Alsatian_Riesling_.jpg		https://orcid.org/0000-0002-5439-3570
FOODON:00002602	Vitis vinifera	Riesling grape cultivar			Riesling grape is an aromatic white grape variety displaying flowery, almost perfumed, aromas as well as high acidity.	https://en.wikipedia.org/wiki/Riesling			ready for release		https://upload.wikimedia.org/wikipedia/commons/thumb/7/76/Riesling_grapes_leaves.jpg/320px-Riesling_grapes_leaves.jpg		https://orcid.org/0000-0002-5439-3570
									ready for release				
FOODON:00002603	red wine	Sangiovese wine		'derives from' some 'Sangiovese grape cultivar'	Sangiovese wine is a red wine varietal produced only from Sangiovese grapes. It is prized for its high acid, firm tannins and balanced nature. Savory flavors of dark cherries and black stonefruit are characteristic, and may be backed by secondary notes of tomato leaf and dried herbs.	https://www.wine-searcher.com/grape-432-sangiovese			ready for release		https://upload.wikimedia.org/wikipedia/commons/thumb/2/2e/Sangiovese_wine.jpg/180px-Sangiovese_wine.jpg		https://orcid.org/0000-0002-5439-3570
FOODON:00002604	Vitis vinifera	Sangiovese grape cultivar			Sangiovese is a red Italian wine grape variety that derives its name from the Latin sanguis Jovis, "the blood of Jupiter".	https://en.wikipedia.org/wiki/Sangiovese			ready for release		https://upload.wikimedia.org/wikipedia/commons/thumb/3/37/Sangiovese_close_up_crop.jpg/277px-Sangiovese_close_up_crop.jpg		https://orcid.org/0000-0002-5439-3570
									ready for release				
FOODON:00002605	white wine	Sauvignon blanc wine		'derives from' some 'Sauvignon blanc grape cultivar'	Sauvignon blanc wine is a white wine varietal produced only from Sauvignon blanc grapes.  Its primary fruit flavors are lime, green apple, passion fruit and white peach. Depending on how ripe the grapes are when the wine is made, the flavor will range from zesty lime to flowery peach.	https://winefolly.com/review/sauvignon-blanc-wine-taste-food-pairing/			ready for release				https://orcid.org/0009-0006-7774-1546l
FOODON:00002606	Vitis vinifera	Sauvignon blanc grape cultivar			Sauvignon blanc is a green-skinned grape variety that originates from the Bordeaux region of France. The grape most likely gets its name from the French words sauvage ("wild") and blanc ("white") due to its early origins as an indigenous grape in South West France.	https://en.wikipedia.org/wiki/Sauvignon_blanc			ready for release		https://upload.wikimedia.org/wikipedia/commons/thumb/5/50/Sauvignon_blanc_grapes.jpg/360px-Sauvignon_blanc_grapes.jpg		https://orcid.org/0009-0006-7774-1546l
									ready for release				
FOODON:00002607	white wine	Semillon wine		'derives from' some 'Semillon grape cultivar'	Semillon wine is a white wine varietal produced only from Semillon grapes.  The primary fruit flavors in Semillon wine are lemon, apple, pear and green papaya. Semillon is France’s 3rd most planted white wine variety behind Sauvignon Blanc and Chardonnay.	https://winefolly.com/review/have-you-heard-of-semillon-the-3rd-most-important-french-white-wine/			ready for release		https://upload.wikimedia.org/wikipedia/commons/thumb/1/1d/Late_harvest_Semillon.jpg/179px-Late_harvest_Semillon.jpg		https://orcid.org/0000-0002-5439-3570
FOODON:00002608	Vitis vinifera	Semillon grape cultivar			Semillon is a golden-skinned grape used to make dry and sweet white wines, mostly in France and Australia.	https://en.wikipedia.org/wiki/S%C3%A9millon			ready for release		https://upload.wikimedia.org/wikipedia/commons/thumb/2/27/Semillon_starting_to_get_noble_rot_at_Ch%C3%A2teau_Doisy-V%C3%A9drines%2C_Barsac%2C_Sauternes.jpg/160px-Semillon_starting_to_get_noble_rot_at_Ch%C3%A2teau_Doisy-V%C3%A9drines%2C_Barsac%2C_Sauternes.jpg		https://orcid.org/0000-0002-5439-3570
									ready for release				
FOODON:00002609	white wine	Glera wine		'derives from' some 'Glera grape cultivar'	Glera wine is a white wine varietal produced only from Glera grapes.				ready for release				https://orcid.org/0000-0002-5439-3570
FOODON:00002610	Vitis vinifera	Glera grape cultivar			Glera is a white variety of grape of Slovenian origin, which was brought to the village of Prosecco from Slovenia's Karst region. Glera was, until 2009, mostly referred to as Prosecco. It is mainly cultivated for use in sparkling Italian wine styles.	https://en.wikipedia.org/wiki/Glera_(grape)			ready for release		https://cdn1.wine-searcher.net/images/grape/glera-(prosecco)-392-1-1.jpg		https://orcid.org/0000-0002-5439-3570
									ready for release				
FOODON:00002611	white wine	Prosecco wine		'derives from' some 'Glera grape cultivar'	Prosecco is an Italian white wine varietal produced primarily from Glera grapes, but other grape varieties may be included. Prosecco controlled designation of origin can be spumante ("sparkling wine"), frizzante ("semi-sparkling wine"), or tranquillo ("still wine").	https://en.wikipedia.org/wiki/Prosecco			ready for release		https://upload.wikimedia.org/wikipedia/commons/thumb/c/ce/Prosecco_di_Conegliano_bottle_and_glass.jpg/151px-Prosecco_di_Conegliano_bottle_and_glass.jpg		https://orcid.org/0000-0002-5439-3570
FOODON:00002612	red wine	Syrah wine		'derives from' some 'Syrah grape cultivar'	Syrah wine is a white wine produced entirely from Syrah grapes.  The wines are often powerfully flavoured and full-bodied.	https://en.wikipedia.org/wiki/Syrah#Shiraz_wines			ready for release		https://upload.wikimedia.org/wikipedia/commons/thumb/8/8e/Walla_walla_Syrah.jpg/179px-Walla_walla_Syrah.jpg		https://orcid.org/0000-0002-5439-3570
FOODON:00002613	Vitis vinifera	Syrah grape cultivar			Syrah is a dark-skinned grape variety grown throughout the world and used primarily to produce red wine. In 1999, Syrah was found to be the offspring of two obscure grapes from southeastern France, Dureza and Mondeuse Blanche.	https://en.wikipedia.org/wiki/Syrah			ready for release		https://upload.wikimedia.org/wikipedia/commons/thumb/e/eb/Shiraz_Grapes.jpg/320px-Shiraz_Grapes.jpg		https://orcid.org/0000-0002-5439-3570
									ready for release				
FOODON:00002614	red wine	Tempranillo wine		'derives from' some 'Tempranillo grape cultivar'	Tempranillo wine is a red wine varietal produced entirely from Tempranillo grapes.	https://en.wikipedia.org/wiki/Tempranillo			ready for release				https://orcid.org/0000-0002-8844-9165
FOODON:00002615	Vitis vinifera	Tempranillo grape cultivar			Tempranillo is a black grape variety widely grown to make full-bodied red wines in its native Spain.	https://en.wikipedia.org/wiki/Tempranillo			ready for release				https://orcid.org/0000-0002-8844-9165
									ready for release				
FOODON:00002617	red wine	Zinfandel wine		'derives from' some 'Zinfandel grape cultivar'	Zinfandel wine is a red wine varietal produced entirely from Zinfandel grapes.  A classic wine is high in both alcohol and tannins, intensely flavored and deeply colored.	https://www.wine-searcher.com/grape-391-primitivo			ready for release				https://orcid.org/0000-0002-5439-3570
FOODON:00002618	Vitis vinifera	Zinfandel grape cultivar			Zinfandel is a variety of black-skinned wine grape.	https://en.wikipedia.org/wiki/Zinfandel			ready for release		https://upload.wikimedia.org/wikipedia/commons/f/fc/Zinfandel_grapes.jpg		https://orcid.org/0000-0002-5439-3570
									ready for release				
FOODON:00002619	red wine	Frappato wine		'derives from' some 'Frappato grape cultivar'	Frappato wine is a red wine varietal produced entirely from Frappato grapes.  As a varietal, Frappato produces light bodied wines with a distinct grapey aroma.	https://en.wikipedia.org/wiki/Frappato			ready for release				https://orcid.org/0000-0002-8844-9165
FOODON:00002620	Vitis vinifera	Frappato grape cultivar			Frappato di Vittoria or Frappato is a red Italian wine grape variety planted primarily in Sicily.	https://en.wikipedia.org/wiki/Frappato			ready for release				https://orcid.org/0000-0002-8844-9165
									ready for release				
FOODON:00002621	red wine	Gamay noir wine		'derives from' some 'Gamay grape cultivar'	Gamay noir wine is a red wine varietal produced entirely from Gamay grapes.	https://en.wikipedia.org/wiki/Gamay			ready for release				https://orcid.org/0000-0002-8844-9165
FOODON:00002622	Vitis vinifera	Gamay grape cultivar			Gamay is a purple-colored grape variety used to make red wines, most notably grown in Beaujolais and in the Loire Valley around Tours.	https://en.wikipedia.org/wiki/Gamay			ready for release		https://upload.wikimedia.org/wikipedia/commons/3/38/Gamay.jpg		https://orcid.org/0000-0002-8844-9165
									ready for release				
FOODON:00002623	white wine	Gewürztraminer wine		'derives from' some 'Gewürztraminer grape cultivar'	Gewürztraminerwine is a white wine varietal produced entirely from Gewürztraminer grapes.	https://en.wikipedia.org/wiki/Gew%C3%BCrztraminer			ready for release				https://orcid.org/0000-0002-8844-9165
FOODON:00002624	Vitis vinifera	Gewürztraminer grape cultivar			Gewürztraminer is an aromatic wine grape variety, used in white wines, and performs best in cooler climates.	https://en.wikipedia.org/wiki/Gew%C3%BCrztraminer			ready for release		https://upload.wikimedia.org/wikipedia/en/thumb/1/11/Gewurztraminer_-_raisins_sur_pied_de_vigne.jpg/320px-Gewurztraminer_-_raisins_sur_pied_de_vigne.jpg		https://orcid.org/0000-0002-8844-9165
									ready for release				
FOODON:00002625	red wine	Carignane wine		'derives from' some 'Carignane grape cultivar'	Carignane wine is a red wine varietal produced entirely from Carignane grapes.	https://en.wikipedia.org/wiki/Carignan			ready for release				https://orcid.org/0000-0002-8844-9165
FOODON:00002626	Vitis vinifera	Carignane grape cultivar			Carignan (also known as Carignane) is a red grape variety of Spanish origin that is more commonly found in French wine but is widely planted throughout the western Mediterranean and around the globe.	https://en.wikipedia.org/wiki/Carignan			ready for release		https://upload.wikimedia.org/wikipedia/commons/thumb/7/77/Carignan_Viala_et_Vermorel.jpg/415px-Carignan_Viala_et_Vermorel.jpg		https://orcid.org/0000-0002-8844-9165
									ready for release				
FOODON:00002627	red wine	Grenache wine		'derives from' some 'Grenache grape cultivar'	Grenache wine is a red wine varietal produced entirely from Grenache grapes.	https://en.wikipedia.org/wiki/Grenache			ready for release				https://orcid.org/0000-0002-8844-9165
FOODON:00002628	Vitis vinifera	Grenache grape cultivar			Grenache is one of the most widely planted red wine grape varieties in the world.	https://en.wikipedia.org/wiki/Grenache			ready for release		https://upload.wikimedia.org/wikipedia/commons/thumb/b/bd/Grenache_N.jpg/440px-Grenache_N.jpg		https://orcid.org/0000-0002-8844-9165
									ready for release				
FOODON:00002629	red wine	Barbera wine		'derives from' some 'Barbera grape cultivar'	Barbera wine is a red wine varietal produced entirely from Barbera grapes.	https://en.wikipedia.org/wiki/Barbera			ready for release				https://orcid.org/0000-0002-8844-9165
FOODON:00002630	Vitis vinifera	Barbera grape cultivar			Barbera is a red Italian wine grape variety that, as of 2000, was the third most-planted red grape variety in Italy (after Sangiovese and Montepulciano). It produces good yields and is known for deep color, full body, low tannins and high levels of acid.	https://en.wikipedia.org/wiki/Barbera			ready for release				https://orcid.org/0000-0002-8844-9165
FOODON:00002863	Vitis vinifera	Blaufränkisch grape cultivar			Blaufränkisch (German for blue Frankish) is a dark-skinned variety of grape used for red wine.	https://en.wikipedia.org/wiki/Blaufr%C3%A4nkisch			ready for release				https://orcid.org/0000-0002-8844-9165
FOODON:00002864	red wine	Blaufränkisch wine		'derives from' some 'Blaufränkisch grape cultivar'	A red wine varietal produced entirely from Blaufränkisch grapes.	https://en.wikipedia.org/wiki/Blaufr%C3%A4nkisch			ready for release				https://orcid.org/0000-0002-8844-9165
FOODON:00002868	Vitis vinifera	Mourvèdre grape cultivar			A red wine grape cultivar variety that is grown in many regions around the world including the Rhône and Provence regions of France, the Valencia and Jumilla denominaciones de origen of Spain, as well as the Balearic Islands, California and Washington and the Australian regions of South Australia and New South Wales, as well as South Africa.	https://en.wikipedia.org/wiki/Mourv%C3%A8dre			ready for release		https://upload.wikimedia.org/wikipedia/commons/thumb/c/c6/Balzac_noir-mourvedre.jpg/451px-Balzac_noir-mourvedre.jpg		https://orcid.org/0000-0002-8844-9165
FOODON:00002869	red wine	Mourvèdre wine		'derives from' some 'Mourvèdre grape cultivar'		https://en.wikipedia.org/wiki/Mourv%C3%A8dre			ready for release				https://orcid.org/0000-0002-8844-9165
													
FOODON:00004045	grape extract	pressed grape juice			Grape juice which is extracted from grapes using a grape pressing process.	https://en.wikipedia.org/wiki/Pressing_(wine)#Free-run_versus_pressed_juice				Pressed juice often has lower acidity levels, higher potassium and pH level, more phenolic compounds such as tannins and more suspended solids such as natural gum and proteins. [wikipedia:Pressing_(wine)#Free-run_versus_pressed_juice]			
FOODON:00004044	grape extract	free-run grape juice			Grape juice which has been extracted through the process of crushing, the natural break down of the grape cell walls during maceration or fermentation, and/or by the weight of grapes within a tall container.	https://en.wikipedia.org/wiki/Pressing_(wine)#Free-run_versus_pressed_juice							
FOODON:00004046	grape extract	grape pomace			The solid remains of grapes after crushing or pressing, typically containing pulp, skins, stems, and seeds.	https://en.wikipedia.org/wiki/Pomace				"Grape pomace contains the skins, pulp, seeds, and stems of the fruit, and has traditionally been used to produce pomace brandy."     [https://en.wikipedia.org/wiki/Pomace]			
FOODON:00001071	grape extract	grape must			A grape berry food product which is the juice of freshly pressed grapes that contains some amount of pulp, skins, stems, and seeds.	https://en.wikipedia.org/wiki/Must#Winemaking				Grape pomace components typically comprises between 7 to 23 percent of the total weight of must. [https://en.wikipedia.org/wiki/Must]			
FOODON:00004039	grape must	destemmed grape must			A grape berry food product which results from crushing whole (destemmed) grapes and which contains grape juice and components of grape pomace.								
FOODON:00004051	grape must	red wine must		'is specified output of' some ('extended maceration' and 'has specified input' some 'red grape cluster')	A grape must made from red wine grapes which are substantially macerated.	https://en.wikipedia.org/wiki/Maceration_(wine)							
FOODON:00004052	grape must	white wine must			A grape must made from red or white wine grapes and which has insignificant masceration.	https://en.wikipedia.org/wiki/Maceration_(wine)							
FOODON:00004050	grape must	rosé wine must		'is specified output of' some ('limited maceration' and 'has specified input' some 'red grape cluster')	A grape must made from red wine grapes which are partially macerated.	https://en.wikipedia.org/wiki/Maceration_(wine)							
FOODON:00005370	red wine	Muscat wine			A red wine wine varietal produced from the Muscat grape variety, that is known for its aromatic and sweet characteristics.	https://en.wikipedia.org/wiki/Muscat_(grape)							https://orcid.org/0000-0001-5275-8866
FOODON:00005371	red wine	red Burgundy wine			A red wine varietal produced in the Burgundy region of France, primarily made from the Pinot Noir grapes.	https://en.wikipedia.org/wiki/Burgundy_wine							https://orcid.org/0000-0001-5275-8866
FOODON:00005372	white wine	Muller Thurgau			A white wine varietal that originated in Germany, created by crossing Riesling and Madeleine Royale.	 https://en.wikipedia.org/wiki/Müller-Thurgau							https://orcid.org/0000-0001-5275-8866
FOODON:00005373	white wine	Petite Sirah wine			A red wine varietal, characterized by spicy fruitiness and bold tannins, made from the Petite Sirah grape variety.	https://www.merriam-webster.com/dictionary/petite%20sirah#:~:text=petite%20si·%E2%80%8Brah%20%2Dsə,grape%20grown%20chiefly%20in%20California							https://orcid.org/0000-0001-5275-8866
FOODON:00005374	red wine	Cabernet Franc wine			A red wine varietal made primarily from the Cabernet Franc grape, characterized by its herbaceous and fruity flavors.	https://en.wikipedia.org/wiki/Cabernet_Franc							https://orcid.org/0000-0001-5275-8866
FOODON:00005375	grape wine	late harvest wine			A wine that is made from grapes that are harvested later than usual.								https://orcid.org/0000-0001-5275-8866
		PASTA											
FOODON:00001211		pasta food product											
FOODON:00002631	pasta food product	tagliatelle			Tagliatelle is a traditional type of egg pasta from the Emilia-Romagna and Marche regions of Italy. Individual pieces of tagliatelle are long, flat ribbons that are similar in shape to fettuccine and are typically about 6.5 to 10 mm (0.26 to 0.39 in) wide.	https://en.wikipedia.org/wiki/Tagliatelle			ready for release		https://upload.wikimedia.org/wikipedia/commons/thumb/0/02/Tagliatelles2.jpg/312px-Tagliatelles2.jpg		https://orcid.org/0000-0002-5439-3570
FOODON:00002632	pasta food product	tortellini			Tortellini are ring-shaped pasta, sometimes also described as "navel shaped", hence their alternative name of "belly button" (ombelico). They are typically stuffed with a mix of meat (pork loin, raw prosciutto, Mortadella), and Parmigiano Reggiano cheese.	https://en.wikipedia.org/wiki/Tortellini			ready for release		https://upload.wikimedia.org/wikipedia/commons/thumb/4/42/Tortellini_Bolognesi.jpg/320px-Tortellini_Bolognesi.jpg		https://orcid.org/0000-0002-5439-3570
FOODON:00002633	pasta food product	tortelloni			Tortelloni are stuffed pasta, the same shape as tortellini, but larger. They are usually stuffed with ricotta cheese and leaf vegetables, such as spinach.	https://en.wikipedia.org/wiki/Tortelloni			ready for release		https://upload.wikimedia.org/wikipedia/commons/thumb/4/4c/Tortelloni_tomato_sauce1.JPG/275px-Tortelloni_tomato_sauce1.JPG		https://orcid.org/0009-0006-7774-1546
FOODON:00002634	pasta food product	tortiglioni			Tortiglioni are a type of pasta, similar to rigatoni but larger and with deeper grooves which spiral around the pasta.	https://en.wikipedia.org/wiki/Tortiglioni			ready for release		https://upload.wikimedia.org/wikipedia/commons/thumb/e/ef/Tortiglioni_closeup.png/320px-Tortiglioni_closeup.png		https://orcid.org/0000-0001-7751-1042
FOODON:00002635	pasta food product	fusilli			Fusilli are a variety of pasta that are formed into corkscrew or helical shapes. The word fusilli presumably comes from fuso ("spindle"), as traditionally it is "spun" by pressing and rolling a small rod over the thin strips of pasta to wind them around it in a corkscrew shape.	https://en.wikipedia.org/wiki/Fusilli			ready for release		https://en.wikipedia.org/wiki/Fusilli#/media/File:Fusilli.png		https://orcid.org/0009-0006-7774-1546
FOODON:00002636	pasta food product	conchiglie			Conchiglie, commonly known as "shells" or "seashells" is a type of pasta. It is usually sold in the plain durum wheat variety. The shell shape of the pasta allows the sauce to adhere to it.	https://en.wikipedia.org/wiki/Conchiglie			ready for release		https://upload.wikimedia.org/wikipedia/commons/thumb/2/20/Conchiglie_rigate.png/320px-Conchiglie_rigate.png		https://orcid.org/0000-0002-1107-9135
FOODON:00002637	pasta food product	linguine			Linguine is a type of pasta similar to fettuccine and trenette but elliptical in section rather than flat. It is about 4 millimetres in width, which is wider than spaghetti but not as wide as fettuccine.	https://en.wikipedia.org/wiki/Linguine			ready for release		https://en.wikipedia.org/wiki/Linguine#/media/File:Linguine.jpg		https://orcid.org/0000-0001-7751-1042
FOODON:00002831	pasta food product	cannelloni			Cannelloni are a cylindrical type of lasagna generally served baked with a filling and covered by a sauce in Italian cuisine.	https://en.wikipedia.org/wiki/Cannelloni			ready for release		https://upload.wikimedia.org/wikipedia/commons/thumb/6/6e/Cannelloni2.png/320px-Cannelloni2.png		https://orcid.org/0000-0002-8844-9165
FOODON:00002638	pasta food product	penne			Penne is an extruded type of pasta with cylinder-shaped pieces, their ends cut at a bias. It is lexically related to Latin penna (meaning "feather" or "quill"), and was originally intended to imitate the then-ubiquitous fountain pen's steel nibs.	https://en.wikipedia.org/wiki/Penne			ready for release		https://en.wikipedia.org/wiki/Penne#/media/File:Pennelisce_closeup.png		https://orcid.org/0000-0002-1107-9135
													
													
													
		CANNED FOOD	'food (canned)' and 'has defining ingredient' some '[part of plant or animal]'		Canned food is a kind of food product which is prepared according to a canning recipe.								
FOODON:03301003	pineapple food product	pineapple (canned)	'food (canned)' and 'has defining ingredient' some 'piece of pineapple'										
FOODON:03301085	shrimp food product	shrimp (canned)	'food (canned)' and 'has defining ingredient' some 'shrimp (raw)'				shrimp						
FOODON:03301087	salmon food product	salmon (canned)	'food (canned)' and 'has defining ingredient' some 'salmon (raw)'				salmon						
FOODON:03301151	mussel food product	mussel (canned)	'food (canned)' and 'has defining ingredient' some 'mussel (shell off, raw)'				mussel						
FOODON:03301155	clam food product	clam (canned)	'food (canned)' and 'has defining ingredient' some 'clam (shell off, raw)'				clam						
FOODON:03301165	albacore food product	albacore (canned)	'food (canned)' and 'has defining ingredient' some 'piece of albacore meat (raw)'				albacore						